[
    {
        "name": "CreateevMinutes",
        "description": "Creative Short Videos less than a Minute 💝",
        "image": "",
        "url": "https://codexdindia.blogspot.com/",
        "time": ""
    },
    {
        "name": "GurImg",
        "description": "Free Unlimited Image Hosting - Direct Link - Share Image Across Devices",
        "image": "",
        "url": "https://codexdindia.blogspot.com/",
        "time": ""
    },
    {
        "name": "SopPNG",
        "description": "SopPNG - Download Free PNG Images from Millions of Images",
        "image": "",
        "url": "https://codexdindia.blogspot.com/",
        "time": ""
    },
    {
        "name": "EdGitHub",
        "description": "Embed a file from Github repository just like Github Gist.",
        "image": "",
        "url": "https://codexdindia.blogspot.com/",
        "time": ""
    },
    {
        "name": "WhollyAPI",
        "description": "WhollyAPI - Get Free APIs Use For JavaScript of Many Websites",
        "image": "",
        "url": "https://codexdindia.blogspot.com/",
        "time": ""
    },
    {
        "name": "SopEditor",
        "description": "An online code editor which supports HTML, CSS, and Javascript Development. A Markdown editor for generating readme.",
        "image": "",
        "url": "https://codexdindia.blogspot.com/",
        "time": ""
    },
    {
        "name": "GitHub Cards",
        "description": "GitHub Cards - Embed GitHub User's All Repos on Website 🚀",
        "image": "",
        "url": "https://codexdindia.blogspot.com/",
        "time": ""
    },
    {
        "name": "SopInstagram",
        "description": "Open Source Instagram Filter Projects, Assets and Files",
        "image": "",
        "url": "https://codexdindia.blogspot.com/",
        "time": ""
    },
    {
        "name": "YTThumb Grab",
        "description": "Basic YouTube Thumbnail Downloader Tool Using JavaScript",
        "image": "",
        "url": "https://codexdindia.blogspot.com/",
        "time": ""
    },
    {
        "name": "AppsPages",
        "description": "AppsPages - Free Apps Landing pages | Host, Share, edit your Apps | Made easy App Sharing",
        "image": "",
        "url": "https://codexdindia.blogspot.com/",
        "time": ""
    },
    {
        "name": "SopPlayer",
        "description": "Sopplayer - Stylish HTML5 Video Player",
        "image": "",
        "url": "https://codexdindia.blogspot.com/",
        "time": ""
    },
    {
        "name": "SopLoader",
        "description": "SopLoader :- Free Preloaders for Website or Blogger",
        "image": "",
        "url": "https://codexdindia.blogspot.com/",
        "time": ""
    },
    {
        "name": "SopScrollBar",
        "description": "SopScrollbar - Free Custom Css Scrollbar Codes",
        "image": "",
        "url": "https://codexdindia.blogspot.com/",
        "time": ""
    },
    {
        "name": "AutoTopBarJS",
        "description": "Colorful Css TopBar - Auto TopBar on Website onload 💝",
        "image": "",
        "url": "https://codexdindia.blogspot.com/",
        "time": ""
    },
    {
        "name": "DirecJS",
        "description": "A JavaScript Framework - To Make JavaScript Coding Easy and Fast",
        "image": "",
        "url": "https://codexdindia.blogspot.com/",
        "time": ""
    },
    {
        "name": "WebScrapperJS",
        "description": "Get Content/HTML of any website using JavaScript by WhollyAPI",
        "image": "",
        "url": "https://codexdindia.blogspot.com/",
        "time": ""
    },
    {
        "name": "EnDecryptJS",
        "description": "EnDecryptJS :- String Encryption and Decryption Using JavaScript",
        "image": "",
        "url": "https://codexdindia.blogspot.com/",
        "time": ""
    },
    {
        "name": "Sop20Games",
        "description": "Sop20Games :- Free Javascript Games Play || Embed || Download",
        "image": "",
        "url": "https://codexdindia.blogspot.com/",
        "time": ""
    }
]
